<?xml version="1.0" encoding="UTF-8"?>
<!DOCTYPE suite SYSTEM "https://testng.org/testng-1.0.dtd">
<suite name="Suite" verbose="5">
  <test name="Leads" thread-count="2" parallel="classes">
    <classes>
      <class name="week2.day1.EditLead"/>
      <!-- <class name="week2.day1.Login"/>
      <class name="week2.day1.mergeLead"/>
      <class name="week2.day1.DeleteLead"/>
      <class name="week2.day1.DuplicateLead"/> -->
    </classes>
  </test> <!-- Test -->
  <test name="Contacts">
    <classes>
      <class name="week2.day1.EditContact"/>
      <!-- <class name="week2.day1.Login"/>
      <class name="week2.day1.mergeContact"/>
      <class name="week2.day1.DeleteLead"/>
      <class name="week2.day1.DuplicateLead"/> -->
    </classes>
  </test> <!-- Test -->
</suite> <!-- Suite -->
