<?xml version="1.0" encoding="UTF-8"?>
<!DOCTYPE suite SYSTEM "https://testng.org/testng-1.0.dtd">
<suite thread-count="2" parallel="classes" name="Suite">
  <parameter name="url" value="http://leaftaps.com/opentaps"/>
  <test thread-count="2" parallel="classes" name="Test">
  <parameter name="lang" value="English"></parameter>
    <classes>
      <class name="com.leaftaps.testcases.TC002_Login"/>
      <class name="com.leaftaps.testcases.TC001_CreateLead"/>
    </classes>
  </test> <!-- Test -->
</suite> <!-- Suite -->
