<?xml version="1.0" encoding="UTF-8"?>
<!DOCTYPE suite SYSTEM "https://testng.org/testng-1.0.dtd">
<suite name="Suite" verbose="5">
	<parameter name="username" value="DemoCSR"></parameter>
	<parameter name="password" value="crmsfa"></parameter>
	<!-- <parameter name="url" value="http://leaftaps.com/opentaps/"></parameter> -->
	<parameter name="browser" value="chrome"></parameter>
	<test thread-count="5" name="Test">
		<classes>
			<class name="testcase.CreateLead" />
			<class name="testcase.EditLead" />
		</classes>
	</test> <!-- Test -->
</suite> <!-- Suite -->
